order_id,product_id,add_to_cart_order,reordered
2,109,1,1
2,102,2,1
2,104,3,0
2,106,4,1
2,110,5,0
2,112,6,1
2,106,7,1
2,112,8,1
2,104,9,0
3,102,1,1
3,106,2,1
3,103,3,1
3,103,4,1
3,111,5,1
3,102,6,1
3,110,7,1
3,112,8,1
4,102,1,0
4,106,2,1
4,106,3,1
4,106,4,1
4,101,5,1
4,110,6,1
4,108,7,1
4,101,8,1
4,117,9,1
4,118,10,1
4,119,11,1
4,113,12,1
4,117,13,1
5,113,1,1
5,117,2,1
5,114,3,1
5,119,4,1
5,118,5,1
5,113,6,1
5,114,7,1
5,116,8,1
5,115,9,1
5,116,10,1
5,115,11,1
5,117,12,1
5,116,13,1
5,115,14,1
5,116,15,1
5,116,16,1
5,117,17,1
5,119,18,1
5,115,19,1
5,114,20,1
5,123,21,1
5,123,22,0
5,123,23,0
5,123,24,0
5,122,25,0
5,120,26,0
6,124,1,0
6,121,2,0
6,120,3,0
7,121,1,0
7,121,2,0
8,122,1,1
9,121,1,0
9,123,2,1
9,124,3,0
9,120,4,1
9,122,5,1
9,123,6,1
9,120,7,1
9,122,8,1
9,121,9,0
9,123,10,1
9,120,11,0
9,120,12,1
9,124,13,1
9,132,14,1
9,131,15,0
10,132,1,1
10,131,2,1
10,130,3,0
10,133,4,1
10,130,5,1
10,133,6,0
10,133,7,1
10,132,8,1
10,132,9,1
10,131,10,0
10,133,11,0
10,130,12,1
10,133,13,0
10,130,14,0
10,133,15,0
11,131,1,1
11,130,2,1
11,131,3,1
11,133,4,1
11,131,5,1
12,131,1,1
12,130,2,1
12,133,3,1
12,125,4,1
12,126,5,0
12,129,6,1
12,129,7,0
12,125,8,0
12,129,9,0
12,129,10,1
12,128,11,0
12,127,12,0
12,129,13,0
12,126,14,0
12,128,15,0
13,127,1,0
13,125,2,0
13,127,3,0
13,125,4,0
13,126,5,0
13,129,6,0
13,126,7,0
13,127,8,0
13,128,9,0
13,129,10,0
13,125,11,0
13,125,12,0
13,125,13,0
14,140,1,1
14,140,2,1
14,137,3,1
14,140,4,1
14,138,5,1
14,138,6,1
14,139,7,1
14,141,8,1
14,141,9,0
14,139,10,1
14,136,11,0
15,137,1,1
15,141,2,1
15,137,3,1
15,140,4,1
15,139,5,1
16,137,1,1
16,141,2,0
16,139,3,0
18,139,1,0
18,138,2,1
18,141,3,0
18,136,4,0
18,137,5,1
18,141,6,1
18,134,7,0
18,134,8,0
18,134,9,1
18,135,10,1
18,134,11,0
18,134,12,0
18,135,13,0
18,134,14,0
18,135,15,0
18,134,16,1
18,135,17,1
18,134,18,0
18,135,19,0
18,134,20,0
18,134,21,0
18,135,22,0
18,134,23,0
18,134,24,1
18,134,25,0
18,134,26,1
18,135,27,1
18,135,28,0
19,134,1,1
19,135,2,1
19,134,3,1
20,149,1,0
20,149,2,0
20,150,3,0
20,150,4,0
20,150,5,0
20,149,6,0
20,150,7,0
20,149,8,0
21,148,1,1
21,149,2,1
21,150,3,0
21,148,4,0
21,149,5,1
22,148,1,1
22,150,2,1
22,149,3,1
22,150,4,1
22,150,5,1
22,150,6,1
22,149,7,1
22,149,8,0
22,148,9,1
22,150,10,0
22,148,11,0
22,148,12,0
22,145,13,1
22,147,14,1
23,143,1,1
23,146,2,1
23,145,3,1
23,142,4,1
23,147,5,1
23,144,6,1
23,145,7,0
23,143,8,0
23,146,9,1
23,142,10,1
23,146,11,0
23,144,12,0
23,145,13,1
23,145,14,0
24,147,1,0
24,147,2,0
24,146,3,0
25,144,1,1
25,147,2,0
25,143,3,1
25,144,4,1
25,143,5,0
25,143,6,1
25,156,7,1
25,156,8,0
25,156,9,0
25,156,10,1
25,156,11,1
25,156,12,0
25,156,13,0
25,156,14,1
26,156,1,0
26,156,2,1
26,156,3,0
26,156,4,0
26,156,5,0
26,156,6,0
26,156,7,0
26,156,8,1
27,156,1,1
27,156,2,1
27,156,3,1
27,156,4,0
27,156,5,0
27,156,6,1
27,156,7,1
27,156,8,1
27,156,9,1
27,151,10,0
27,154,11,1
27,155,12,1
27,154,13,0
27,153,14,1
27,151,15,0
27,155,16,1
27,151,17,1
27,151,18,1
27,151,19,0
27,153,20,0
27,151,21,1
27,155,22,1
27,152,23,0
27,151,24,1
27,153,25,0
27,152,26,0
27,152,27,0
28,152,1,0
28,154,2,1
28,153,3,0
28,152,4,1
28,155,5,1
28,155,6,1
28,155,7,1
28,159,8,1
28,158,9,1
28,158,10,1
28,159,11,1
28,159,12,1
28,159,13,1
28,158,14,1
28,159,15,1
28,157,16,1
29,157,1,1
29,159,2,1
29,159,3,1
29,159,4,1
29,158,5,1
30,158,1,1
30,157,2,1
30,159,3,0
31,159,1,1
31,158,2,1
31,158,3,1
31,158,4,1
31,158,5,1
31,158,6,1
31,158,7,1
31,157,8,1
31,156,9,1
31,160,10,0
32,160,1,1
32,160,2,0
32,160,3,1
32,160,4,1
32,160,5,0
32,160,6,0
32,160,7,1
32,161,8,0
32,160,9,1
33,161,1,1
33,160,2,0
33,160,3,0
33,160,4,0
33,161,5,0
33,160,6,1
33,160,7,0
33,161,8,0
33,161,9,1
35,160,1,0
35,161,2,0
35,160,3,0
35,160,4,0
35,160,5,0
37,161,1,0
37,111,2,0
37,106,3,0
39,106,1,0
39,109,2,0
39,104,3,1
39,109,4,0
39,110,5,0
40,107,1,1
40,112,2,1
40,108,3,1
40,106,4,1
41,108,1,1
41,112,2,1
42,101,1,1
42,104,2,0
42,106,3,1
43,103,1,0
43,105,2,0
43,105,3,0
43,111,4,1
43,108,5,0
43,102,6,1
43,107,7,0
44,103,1,1
44,108,2,1
44,124,3,0
44,122,4,0
44,123,5,1
44,121,6,0
44,121,7,0
44,120,8,0
44,124,9,0
44,120,10,0
45,123,1,1
46,122,1,0
46,120,2,0
46,124,3,0
46,123,4,1
46,122,5,1
46,121,6,1
46,122,7,1
46,123,8,1
46,124,9,1
46,123,10,1
46,120,11,1
46,124,12,0
46,124,13,1
46,123,14,0
46,120,15,1
46,122,16,0
46,126,17,0
46,128,18,0
46,126,19,0
46,126,20,0
47,126,1,1
47,128,2,1
47,127,3,1
47,129,4,0
47,125,5,0
48,126,1,0
48,126,2,1
48,125,3,1
48,127,4,0
48,128,5,0
48,128,6,0
48,126,7,0
48,126,8,0
49,125,1,1
49,127,2,1
49,125,3,1
49,125,4,1
50,125,1,0
50,125,2,0
50,127,3,1
50,126,4,0
50,134,5,1
50,134,6,1
50,134,7,0
51,134,1,0
51,135,2,1
51,135,3,0
51,134,4,0
51,135,5,0
51,134,6,0
51,134,7,0
51,134,8,1
51,134,9,1
52,135,1,0
52,135,2,1
52,134,3,1
52,134,4,1
52,135,5,0
53,135,1,1
53,135,2,1
53,135,3,1
53,135,4,0
53,135,5,1
53,135,6,1
53,134,7,1
53,134,8,1
53,142,9,1
53,143,10,1
53,147,11,0
53,145,12,0
53,146,13,0
53,147,14,0
53,142,15,0
54,145,1,0
54,147,2,0
54,144,3,0
54,144,4,0
54,143,5,0
54,144,6,0
54,142,7,0
55,145,1,1
55,145,2,1
55,144,3,0
55,143,4,1
55,146,5,0
55,142,6,1
55,142,7,1
55,147,8,0
55,144,9,0
55,142,10,1
55,144,11,0
55,154,12,0
55,155,13,0
55,153,14,0
55,155,15,1
55,153,16,0
55,152,17,0
55,153,18,1
55,155,19,0
55,151,20,0
55,155,21,0
55,153,22,0
56,153,1,0
56,153,2,0
56,152,3,1
56,154,4,1
56,154,5,1
56,152,6,1
56,155,7,1
56,151,8,1
56,155,9,1
56,154,10,0
57,153,1,0
57,155,2,0
57,154,3,0
57,155,4,0
57,161,5,0
57,161,6,0
57,161,7,0
58,160,1,1
58,161,2,1
58,160,3,1
58,161,4,1
58,160,5,1
58,160,6,0
59,160,1,1
59,160,2,1
59,160,3,1
60,161,1,0
60,160,2,0
60,160,3,0
60,161,4,1
60,161,5,1
60,160,6,1
60,161,7,1
60,161,8,1
60,160,9,1
60,161,10,1
60,161,11,1
60,160,12,1
60,161,13,1
60,158,14,1
60,159,15,1
60,158,16,1
60,157,17,1
60,157,18,1
61,157,1,1
61,158,2,0
61,158,3,1
61,157,4,1
61,158,5,1
61,159,6,1
61,157,7,1
61,159,8,1
61,158,9,1
61,158,10,1
61,158,11,1
61,157,12,1
62,158,1,0
62,157,2,1
62,157,3,1
62,159,4,0
62,158,5,0
62,158,6,0
62,159,7,0
63,158,1,0
63,148,2,0
63,149,3,0
63,149,4,1
63,149,5,0
63,150,6,0
63,148,7,0
63,150,8,1
63,149,9,0
63,149,10,1
64,150,1,1
64,150,2,1
64,150,3,1
64,148,4,1
64,149,5,1
65,148,1,1
65,148,2,1
65,148,3,0
66,149,1,1
66,148,2,1
66,150,3,1
66,150,4,1
66,149,5,1
66,150,6,0
67,149,1,1
67,148,2,1
67,156,3,1
67,137,4,1
67,138,5,1
67,141,6,1
67,137,7,0
67,137,8,0
68,136,1,1
68,140,2,1
68,139,3,1
68,137,4,1
68,139,5,1
68,140,6,0
68,137,7,0
68,138,8,0
68,139,9,1
69,138,1,1
69,137,2,1
69,140,3,1
69,140,4,1
69,136,5,1
69,136,6,1
69,138,7,0
69,141,8,1
69,137,9,0
69,137,10,0
69,140,11,1
70,131,1,0
70,131,2,0
70,130,3,0
70,131,4,1
71,131,1,0
71,131,2,0
71,132,3,1
71,132,4,0
71,130,5,1
71,130,6,1
71,133,7,1
71,133,8,1
71,132,9,0
71,133,10,1
72,131,1,1
72,133,2,1
72,132,3,1
72,133,4,1
72,131,5,1
72,130,6,1
72,132,7,1
72,132,8,1
72,133,9,0
72,130,10,0
72,132,11,0
73,124,1,0
73,122,2,1
73,123,3,1
73,121,4,1
74,121,1,1
74,120,2,1
74,124,3,1
74,120,4,1
74,123,5,1
74,122,6,1
74,120,7,1
74,124,8,1
74,123,9,1
74,122,10,1
74,121,11,1
75,122,1,0
75,123,2,0
75,124,3,0
75,123,4,0
75,120,5,0
75,124,6,0
75,124,7,0
75,123,8,0
75,120,9,0
75,122,10,0
75,156,11,0
75,109,12,0
75,102,13,0
75,104,14,0
75,106,15,0
75,110,16,0
76,112,1,0
76,106,2,1
76,112,3,0
76,104,4,0
76,102,5,0
77,106,1,1
77,103,2,1
77,103,3,1
77,111,4,1
77,102,5,1
77,110,6,1
77,112,7,1
77,102,8,0
77,106,9,1
77,106,10,1
77,106,11,0
77,101,12,0
77,110,13,0
77,108,14,0
77,101,15,0
77,123,16,1
77,123,17,0
77,123,18,0
77,123,19,0
77,122,20,1
77,120,21,0
78,124,1,0
78,121,2,0
78,120,3,0
78,121,4,1
78,121,5,0
79,122,1,1
79,121,2,1
79,123,3,1
79,124,4,1
79,120,5,1
79,122,6,1
79,123,7,0
79,120,8,1
80,122,1,1
80,121,2,1
80,123,3,1
80,120,4,1
80,120,5,1
80,124,6,1
80,132,7,0
81,131,1,1
81,132,2,1
81,131,3,1
81,130,4,1
81,133,5,1
81,130,6,1
81,133,7,1
81,133,8,1
81,132,9,0
81,132,10,0
81,131,11,1
82,133,1,1
82,130,2,1
82,133,3,1
82,130,4,1
82,133,5,1
82,131,6,0
82,130,7,0
82,131,8,1
83,133,1,1
83,131,2,1
83,131,3,1
83,130,4,1
83,133,5,0
83,140,6,0
83,140,7,0
83,137,8,0
83,140,9,0
83,138,10,0
83,138,11,0
83,139,12,0
83,141,13,0
83,141,14,1
84,139,1,1
84,136,2,1
84,137,3,1
84,141,4,1
84,137,5,1
84,140,6,1
84,139,7,0
84,137,8,1
84,141,9,0
85,139,1,1
85,139,2,0
85,138,3,0
85,141,4,0
85,136,5,0
85,137,6,0
85,141,7,0
85,149,8,1
85,149,9,1
86,150,1,0
86,150,2,0
86,150,3,0
86,149,4,1
86,150,5,1
86,149,6,1
86,148,7,1
86,149,8,1
87,150,1,1
87,148,2,1
87,149,3,0
87,148,4,0
87,150,5,0
87,149,6,1
87,150,7,1
87,150,8,0
87,150,9,1
87,149,10,0
87,149,11,0
87,148,12,0
87,150,13,0
87,148,14,0
87,148,15,0
88,159,1,1
88,158,2,1
88,158,3,1
88,159,4,1
88,159,5,1
88,159,6,1
88,158,7,1
88,159,8,1
88,157,9,1
88,157,10,1
88,159,11,0
88,159,12,0
88,159,13,1
88,158,14,1
88,158,15,1
88,157,16,0
88,159,17,0
88,159,18,0
88,158,19,0
88,158,20,0
88,158,21,1
88,158,22,1
88,158,23,0
89,158,1,1
89,157,2,1
89,117,3,1
89,118,4,1
89,119,5,1
90,113,1,1
90,117,2,0
90,113,3,0
90,117,4,0
90,114,5,1
91,119,1,1
91,118,2,1
91,113,3,1
91,114,4,1
91,116,5,1
91,115,6,1
92,116,1,1
92,115,2,1
92,117,3,1
92,116,4,1
92,115,5,1
92,116,6,1
92,116,7,1
92,117,8,1
92,119,9,1
92,115,10,1
92,114,11,0
92,125,12,0
92,126,13,0
92,129,14,0
92,129,15,0
92,125,16,0
92,129,17,0
92,129,18,1
92,128,19,1
92,127,20,0
92,129,21,1
92,126,22,0
92,128,23,1
92,127,24,1
92,125,25,1
93,127,1,0
93,125,2,0
93,126,3,1
93,129,4,1
93,126,5,0
93,127,6,1
93,128,7,1
93,129,8,1
93,125,9,0
93,125,10,1
93,125,11,0
93,134,12,0
93,134,13,1
93,134,14,1
94,135,1,1
94,134,2,0
94,134,3,1
94,135,4,0
95,134,1,0
95,135,2,1
95,134,3,0
95,135,4,1
95,134,5,1
95,135,6,1
95,134,7,1
95,134,8,1
95,135,9,1
95,134,10,1
95,134,11,1
95,134,12,1
95,134,13,1
95,135,14,1
97,135,1,1
97,134,2,1
97,135,3,1
97,134,4,1
97,145,5,0
97,147,6,1
97,143,7,1
97,146,8,1
97,145,9,1
97,142,10,1
97,147,11,1
97,144,12,0
97,145,13,1
97,143,14,1
97,146,15,0
97,142,16,1
97,146,17,1
97,144,18,1
97,145,19,1
97,145,20,1
97,147,21,1
97,147,22,1
97,146,23,0
97,144,24,0
97,147,25,0
97,143,26,0
97,144,27,0
99,143,1,1
99,143,2,1
99,151,3,0
99,154,4,0
99,155,5,0
99,154,6,0
99,153,7,0
100,151,1,0
100,155,2,0
101,151,1,1
101,151,2,1
101,151,3,1
101,153,4,1
101,151,5,1
101,155,6,1
101,152,7,1
101,151,8,1
101,153,9,1
101,152,10,0
101,152,11,1
101,152,12,0
102,154,1,1
102,153,2,1
102,152,3,0
102,155,4,0
102,155,5,0
102,155,6,0
102,160,7,0
102,160,8,0
102,160,9,1
102,160,10,0
103,160,1,0
103,160,2,0
103,160,3,0
103,160,4,0
104,161,1,1
104,160,2,1
104,161,3,1
104,160,4,0
105,160,1,0
105,160,2,1
105,161,3,1
105,160,4,1
105,160,5,1
105,161,6,1
105,161,7,1
105,160,8,0
105,161,9,0
105,160,10,1
105,160,11,1
105,160,12,0
106,161,1,0
106,103,2,0
106,104,3,1
106,112,4,1
106,109,5,1
106,101,6,1
106,101,7,1
106,106,8,1
106,111,9,1
106,108,10,0
106,102,11,1
106,105,12,1
106,105,13,1
106,107,14,1
106,108,15,1
106,108,16,1
106,103,17,1
106,104,18,1
106,109,19,1
106,106,20,1
106,103,21,1
106,111,22,1
106,106,23,1
106,112,24,0
106,105,25,0
106,110,26,1
106,102,27,1
106,104,28,0
106,104,29,1
106,110,30,1
106,105,31,0
106,111,32,0
106,121,33,0
106,121,34,0
107,122,1,1
107,122,2,1
107,123,3,1
107,120,4,1
107,124,5,1
107,121,6,1
107,122,7,1
108,120,1,1
108,123,2,0
108,122,3,0
108,124,4,0
108,120,5,0
108,120,6,0
108,121,7,0
108,123,8,0
108,121,9,0
109,122,1,1
109,122,2,1
109,124,3,1
109,121,4,0
109,122,5,1
109,122,6,1
109,122,7,0
109,124,8,1
109,120,9,1
109,121,10,0
109,123,11,0
109,120,12,0
109,120,13,0
109,130,14,1
109,131,15,0
109,133,16,0
109,132,17,0
109,130,18,0
109,130,19,0
109,133,20,0
109,133,21,1
110,132,1,0
110,130,2,0
110,133,3,0
110,130,4,0
110,131,5,0
110,132,6,0
110,132,7,0
110,132,8,0
110,133,9,0
110,130,10,0
111,130,1,1
111,131,2,1
111,133,3,1
111,133,4,1
111,130,5,1
113,132,1,1
113,133,2,0
113,130,3,0
113,131,4,0
113,131,5,0
113,133,6,0
113,131,7,0
114,131,1,0
114,137,2,0
114,138,3,0
114,139,4,0
114,138,5,0
114,138,6,0
114,138,7,0
114,139,8,0
114,141,9,0
114,136,10,0
115,136,1,1
115,136,2,1
115,136,3,1
115,141,4,1
115,138,5,1
115,141,6,1
115,139,7,0
115,137,8,0
115,140,9,0
115,139,10,0
115,140,11,1
115,137,12,0
116,138,1,1
116,140,2,1
117,137,1,1
117,137,2,1
117,136,3,1
117,137,4,1
117,137,5,1
117,141,6,0
117,139,7,1
117,136,8,0
117,148,9,0
117,148,10,0
117,150,11,0
117,150,12,0
117,148,13,0
117,149,14,0
117,148,15,0
118,148,1,1
118,148,2,0
118,148,3,1
118,150,4,1
119,149,1,0
119,149,2,0
119,148,3,0
119,150,4,0
119,148,5,0
119,150,6,0
119,148,7,0
119,150,8,0
119,148,9,0
120,148,1,0
120,149,2,0
120,149,3,0
120,148,4,0
120,149,5,0
120,150,6,0
120,149,7,0
120,150,8,0
120,148,9,0
120,150,10,0
120,150,11,0
120,157,12,0
120,157,13,0
120,157,14,0
120,158,15,0
120,158,16,0
121,158,1,1
121,159,2,0
121,158,3,1
121,159,4,1
121,159,5,1
122,157,1,0
122,157,2,0
123,159,1,1
123,158,2,1
123,158,3,1
123,158,4,1
123,158,5,1
123,158,6,1
123,157,7,1
123,159,8,1
123,157,9,1
123,157,10,1
123,157,11,1
123,157,12,0
123,157,13,0
123,159,14,1
123,157,15,1
123,158,16,1
123,159,17,1
123,158,18,1
124,158,1,1
124,117,2,0
124,119,3,1
124,118,4,0
124,115,5,1
124,117,6,1
124,115,7,1
124,115,8,1
125,114,1,1
125,113,2,1
125,118,3,1
125,114,4,1
125,114,5,1
125,114,6,1
125,114,7,1
125,116,8,1
125,116,9,1
125,116,10,1
125,115,11,1
125,114,12,1
125,113,13,1
125,113,14,1
125,118,15,1
125,115,16,1
125,114,17,1
125,117,18,1
125,116,19,1
125,117,20,1
125,119,21,1
125,118,22,1
125,118,23,1
125,113,24,1
125,128,25,1
125,127,26,1
126,125,1,0
126,129,2,1
126,125,3,1
126,125,4,1
126,126,5,0
126,127,6,0
127,127,1,1
127,129,2,1
127,128,3,0
127,129,4,1
127,126,5,1
127,127,6,1
127,126,7,0
127,127,8,0
127,125,9,1
127,125,10,1
127,126,11,1
127,125,12,0
128,126,1,1
128,125,2,1
128,125,3,1
128,125,4,1
128,125,5,1
128,128,6,1
128,128,7,0
128,126,8,1
128,126,9,1
128,125,10,1
129,126,1,0
129,135,2,1
129,135,3,1
129,135,4,1
129,134,5,0
129,134,6,1
129,135,7,0
129,135,8,1
129,134,9,1
129,135,10,1
129,135,11,1
129,134,12,1
129,134,13,0
129,135,14,0
129,134,15,0
129,135,16,0
129,135,17,0
129,135,18,1
130,134,1,0
130,135,2,0
130,134,3,0
130,135,4,0
130,135,5,0
130,134,6,0
130,135,7,0
130,135,8,0
130,134,9,0
130,134,10,0
130,135,11,0
130,134,12,0
130,134,13,0
130,134,14,0
131,145,1,1
131,146,2,1
131,146,3,1
131,143,4,1
131,143,5,1
131,143,6,1
131,145,7,0
131,147,8,1
131,147,9,1
131,147,10,1
131,142,11,1
131,143,12,1
131,145,13,1
131,142,14,0
131,147,15,1
131,145,16,0
131,147,17,0
131,146,18,1
132,142,1,1
132,142,2,1
132,146,3,0
132,147,4,1
132,146,5,0
132,145,6,1
132,142,7,0
132,143,8,1
132,146,9,0
132,145,10,0
132,144,11,1
133,142,1,1
133,145,2,1
134,154,1,0
134,151,2,1
134,155,3,1
134,153,4,1
134,155,5,1
134,152,6,1
134,155,7,1
134,151,8,1
134,154,9,1
134,154,10,1
134,153,11,1
134,154,12,1
134,154,13,1
134,152,14,1
134,155,15,1
134,151,16,1
134,152,17,1
135,153,1,1
135,154,2,1
135,154,3,1
135,152,4,1
135,155,5,1
135,153,6,0
135,153,7,1
135,152,8,1
135,152,9,1
135,152,10,1
136,155,1,0
136,153,2,0
136,155,3,0
136,155,4,0
138,161,1,1
138,160,2,1
138,160,3,1
138,160,4,1
138,160,5,1
138,160,6,0
139,161,1,1
139,161,2,1
139,161,3,1
139,160,4,1
139,161,5,1
139,160,6,1
140,160,1,1
140,161,2,1
140,160,3,1
140,160,4,1
140,160,5,1
140,161,6,1
140,161,7,1
140,160,8,1
140,161,9,0
141,161,1,1
141,161,2,1
141,160,3,1
141,161,4,1
141,161,5,1
141,160,6,0
141,160,7,1
141,161,8,1
141,161,9,1
141,161,10,1
141,107,11,1
141,103,12,1
141,106,13,1
141,106,14,1
141,101,15,1
142,105,1,1
142,111,2,1
142,107,3,1
142,111,4,1
142,105,5,1
142,108,6,1
142,104,7,1
143,111,1,1
143,102,2,1
143,107,3,1
143,103,4,1
143,106,5,1
143,101,6,1
143,111,7,1
143,104,8,1
143,105,9,1
143,102,10,1
143,109,11,1
143,104,12,0
143,104,13,1
143,109,14,0
143,103,15,0
143,112,16,0
143,110,17,0
143,105,18,0
143,111,19,0
143,121,20,1
143,124,21,0
143,122,22,1
143,124,23,0
143,122,24,1
143,124,25,0
144,121,1,1
144,121,2,1
144,124,3,1
144,122,4,1
144,120,5,0
144,124,6,0
144,123,7,0
144,120,8,0
144,122,9,1
144,122,10,1
144,121,11,0
144,124,12,0
144,124,13,1
144,120,14,0
145,121,1,0
145,124,2,0
145,121,3,0
146,123,1,0
146,121,2,1
146,120,3,1
146,121,4,1
146,124,5,1
146,120,6,1
146,121,7,1
146,124,8,1
146,130,9,1
146,132,10,1
146,130,11,1
146,131,12,1
146,133,13,1
147,131,1,1
147,131,2,1
147,130,3,0
147,131,4,1
147,133,5,1
147,133,6,0
147,133,7,0
147,132,8,0
147,133,9,0
147,131,10,0
147,133,11,0
147,130,12,0
148,130,1,0
148,131,2,0
148,131,3,1
148,131,4,1
148,133,5,1
148,133,6,1
148,132,7,0
148,132,8,1
148,133,9,1
148,130,10,1
148,132,11,1
148,130,12,0
148,133,13,1
148,133,14,1
149,138,1,1
149,136,2,0
149,141,3,0
150,141,1,1
150,136,2,0
150,136,3,0
151,140,1,0
151,140,2,1
151,138,3,1
151,138,4,1
152,137,1,1
152,138,2,1
152,140,3,1
152,140,4,1
152,139,5,0
153,141,1,0
153,141,2,0
153,139,3,1
153,137,4,1
153,137,5,1
153,136,6,0
153,139,7,0
153,141,8,0
153,136,9,1
154,138,1,0
154,137,2,0
154,137,3,1
154,140,4,0
155,136,1,1
155,140,2,1
155,137,3,0
155,150,4,1
155,149,5,1
155,148,6,0
156,148,1,1
156,148,2,1
156,148,3,1
156,150,4,0
156,150,5,0
157,149,1,1
157,150,2,0
157,149,3,1
157,149,4,1
157,149,5,1
157,149,6,1
157,149,7,1
158,150,1,1
158,150,2,1
158,148,3,0
158,148,4,0
158,149,5,1
158,148,6,1
158,148,7,1
158,150,8,1
159,150,1,0
159,149,2,1
159,149,3,1
159,148,4,1
160,148,1,1
160,148,2,1
160,149,3,0
160,150,4,0
160,159,5,0
161,158,1,1
161,159,2,1
161,159,3,1
161,159,4,1
161,157,5,1
161,158,6,0
161,159,7,0
161,157,8,1
161,157,9,1
162,158,1,1
162,157,2,0
162,158,3,0
162,157,4,1
162,157,5,0
162,159,6,1
162,159,7,0
162,159,8,0
162,158,9,0
162,159,10,0
162,158,11,0
163,159,1,1
163,159,2,1
163,158,3,1
163,159,4,1
163,158,5,1
163,157,6,1
163,157,7,1
163,159,8,1
163,157,9,1
163,159,10,1
163,119,11,1
163,116,12,1
163,118,13,1
163,118,14,1
163,116,15,1
163,118,16,1
163,115,17,1
163,117,18,1
163,113,19,1
164,113,1,1
164,114,2,1
164,113,3,1
164,117,4,1
164,119,5,0
164,113,6,0
165,118,1,1
165,115,2,1
165,119,3,0
165,119,4,1
165,116,5,1
165,118,6,1
165,113,7,1
165,119,8,1
165,113,9,0
166,116,1,1
166,119,2,1
166,117,3,1
166,118,4,1
166,116,5,0
166,118,6,0
166,114,7,0
166,129,8,0
166,127,9,0
167,128,1,1
167,127,2,1
167,128,3,1
167,127,4,0
168,125,1,0
168,125,2,0
168,126,3,1
168,126,4,1
168,129,5,1
168,127,6,1
169,129,1,0
169,128,2,1
169,126,3,1
169,126,4,0
169,126,5,0
169,129,6,0
169,126,7,0
169,128,8,0
169,127,9,1
171,126,1,0
171,126,2,0
172,127,1,1
172,126,2,1
172,127,3,1
172,128,4,1
173,125,1,0
173,126,2,1
173,129,3,1
173,128,4,1
173,135,5,1
173,135,6,1
174,135,1,1
174,134,2,0
174,135,3,0
174,134,4,1
174,135,5,0
174,135,6,1
174,135,7,1
174,135,8,0
174,135,9,1
174,135,10,1
174,135,11,1
174,135,12,0
174,134,13,0
174,135,14,0
175,134,1,1
175,135,2,1
175,134,3,1
175,135,4,1
175,135,5,0
175,134,6,0
175,135,7,1
175,134,8,0
175,134,9,1
175,134,10,0
175,135,11,1
175,135,12,1
175,134,13,0
175,135,14,0
176,135,1,1
176,143,2,1
176,144,3,1
176,145,4,1
176,146,5,1
176,145,6,0
176,147,7,0
176,142,8,0
176,146,9,0
176,147,10,1
177,142,1,1
177,144,2,1
177,143,3,1
177,144,4,1
177,142,5,1
177,144,6,1
177,144,7,1
177,146,8,1
177,147,9,1
177,147,10,1
177,143,11,1
177,143,12,1
177,146,13,0
177,144,14,1
177,143,15,1
177,142,16,0
177,144,17,1
178,145,1,1
178,146,2,0
179,147,1,0
179,143,2,1
179,146,3,0
179,154,4,1
179,154,5,0
179,152,6,1
180,152,1,1
180,153,2,1
180,154,3,1
180,152,4,1
180,151,5,1
180,155,6,1
180,155,7,1
180,154,8,1
180,151,9,1
180,154,10,1
180,154,11,0
180,152,12,0
180,154,13,1
180,154,14,1
180,154,15,1
180,153,16,1
180,155,17,1
181,152,1,0
181,153,2,1
181,152,3,1
181,151,4,1
181,154,5,1
181,151,6,1
181,154,7,1
181,153,8,1
183,151,1,1
183,152,2,1
183,153,3,0
183,160,4,1
183,161,5,1
183,160,6,1
183,161,7,1
184,161,1,0
184,160,2,1
184,161,3,0
184,160,4,0
184,160,5,1
184,161,6,1
184,161,7,0
184,160,8,0
185,161,1,1
185,160,2,1
185,160,3,0
185,160,4,0
185,160,5,0
185,160,6,0
185,161,7,0
185,161,8,1
185,161,9,0
185,161,10,0
186,161,1,0
186,160,2,0
186,160,3,0
186,160,4,0
186,161,5,0
186,161,6,0
186,160,7,0
186,161,8,0
186,161,9,0
187,156,1,1
187,106,2,1
187,101,3,1
187,102,4,0
187,106,5,1
187,110,6,1
187,108,7,1
187,108,8,1
187,106,9,1
187,111,10,1
188,103,1,1
188,108,2,1
188,104,3,1
188,112,4,1
188,104,5,0
188,108,6,1
189,111,1,1
189,112,2,0
189,109,3,1
189,111,4,1
189,110,5,0
190,109,1,0
190,111,2,0
190,108,3,0
190,107,4,0
190,108,5,0
190,112,6,0
190,111,7,0
190,102,8,0
190,106,9,0
190,104,10,0
190,107,11,1
191,156,1,1
191,121,2,1
191,123,3,1
191,123,4,1
191,122,5,1
192,120,1,1
192,121,2,1
192,123,3,1
192,124,4,1
192,124,5,1
192,124,6,0
192,121,7,0
192,123,8,0
192,124,9,1
192,124,10,0
192,120,11,0
192,124,12,1
192,123,13,0
192,122,14,0
192,121,15,0
193,122,1,1
193,120,2,0
193,122,3,0
193,123,4,0
193,124,5,1
193,124,6,1
193,124,7,1
193,121,8,1
193,120,9,0
193,123,10,0
193,123,11,0
193,121,12,0
194,131,1,0
194,133,2,0
194,133,3,0
194,133,4,0
194,133,5,1
194,133,6,0
194,130,7,1
194,130,8,0
195,133,1,1
195,130,2,1
195,133,3,1
195,131,4,1
195,130,5,0
195,130,6,1
195,130,7,1
195,133,8,1
195,131,9,1
195,130,10,1
195,131,11,1
195,132,12,1
195,132,13,1
195,131,14,1
195,130,15,1
195,130,16,1
195,132,17,0
195,132,18,1
195,133,19,0
195,131,20,0
195,131,21,1
195,130,22,1
195,133,23,1
195,137,24,0
195,137,25,0
196,139,1,1
196,137,2,0
196,138,3,0
196,140,4,0
196,139,5,0
196,138,6,0
196,137,7,1
196,137,8,1
196,137,9,0
196,136,10,0
197,136,1,1
197,139,2,1
197,139,3,1
197,141,4,1
197,141,5,1
197,140,6,1
197,137,7,1
197,138,8,1
197,140,9,1
197,139,10,1
198,141,1,1
198,139,2,1
198,137,3,1
198,138,4,1
198,140,5,1
198,141,6,0
198,136,7,0
198,141,8,0
198,141,9,0
198,149,10,0
199,149,1,1
199,150,2,0
199,149,3,1
199,148,4,0
199,148,5,0
199,149,6,0
199,148,7,0
200,149,1,0
200,149,2,1
200,148,3,0
201,148,1,0
201,150,2,0
201,148,3,0
201,149,4,0
201,150,5,0
201,148,6,0
201,148,7,1
201,149,8,0
202,150,1,0
203,150,1,1
204,148,1,1
204,148,2,1
204,150,3,1
204,150,4,1
204,149,5,1
204,149,6,1
205,149,1,1
205,149,2,1
205,149,3,1
206,150,1,0
206,159,2,1
206,159,3,1
206,159,4,1
206,157,5,1
206,158,6,0
206,159,7,0
207,159,1,1
207,158,2,0
207,158,3,0
207,159,4,0
207,159,5,0
207,158,6,0
208,157,1,0
208,157,2,1
208,159,3,1
208,159,4,1
208,159,5,1
208,159,6,1
208,157,7,1
208,159,8,1
208,157,9,1
208,159,10,1
208,159,11,0
208,158,12,1
208,158,13,1
208,159,14,1
209,158,1,1
209,158,2,1
209,158,3,1
209,158,4,0
209,159,5,0
210,113,1,1
210,114,2,1
210,115,3,0
210,119,4,0
210,115,5,1
210,117,6,1
210,115,7,0
210,115,8,1
210,119,9,0
210,115,10,1
210,118,11,1
210,119,12,0
210,117,13,1
210,113,14,0
210,115,15,0
210,118,16,1
210,115,17,1
211,117,1,0
211,117,2,0
212,117,1,1
212,113,2,1
212,116,3,1
212,114,4,0
213,113,1,0
213,114,2,1
213,119,3,1
213,114,4,1
213,119,5,1
213,119,6,1
213,113,7,1
213,119,8,1
213,128,9,1
213,126,10,1
213,128,11,1
213,127,12,1
214,128,1,0
214,128,2,0
214,128,3,0
214,125,4,1
214,128,5,0
214,127,6,1
214,127,7,0
214,127,8,1
214,129,9,0
215,127,1,0
215,126,2,0
216,129,1,1
216,128,2,1
216,128,3,1
216,129,4,1
216,129,5,1
216,125,6,1
216,125,7,1
216,126,8,1
217,125,1,1
217,126,2,1
217,125,3,0
219,127,1,1
219,127,2,1
219,125,3,1
219,128,4,1
220,128,1,1
220,134,2,1
220,134,3,1
221,134,1,0
221,134,2,0
221,134,3,0
221,134,4,0
221,134,5,0
221,134,6,0
221,135,7,0
221,134,8,0
221,134,9,0
222,134,1,1
222,135,2,1
222,135,3,1
222,135,4,1
222,134,5,1
222,135,6,1
222,135,7,1
222,135,8,1
222,135,9,1
222,135,10,1
222,135,11,1
222,134,12,1
222,135,13,1
222,134,14,1
222,134,15,1
222,135,16,0
222,134,17,1
222,134,18,1
223,135,1,0
223,134,2,1
223,143,3,1
223,143,4,1
223,142,5,1
223,142,6,0
223,146,7,0
223,142,8,0
223,143,9,1
223,143,10,1
223,144,11,1
223,145,12,1
223,144,13,0
223,145,14,0
223,142,15,1
223,142,16,1
223,142,17,0
223,145,18,1
223,142,19,1
223,147,20,0
223,144,21,1
223,142,22,1
223,142,23,1
223,142,24,0
223,144,25,0
223,143,26,1
223,146,27,1
224,145,1,1
224,147,2,1
224,143,3,1
224,143,4,1
224,146,5,1
224,145,6,1
224,155,7,1
224,154,8,1
224,153,9,1
224,154,10,1
224,151,11,1
224,155,12,1
224,152,13,1
224,153,14,0
224,153,15,1
224,152,16,0
224,152,17,0
225,154,1,1
225,155,2,1
225,153,3,1
225,151,4,1
225,151,5,1
225,152,6,1
225,152,7,1
225,153,8,1
225,151,9,1
225,153,10,1
225,155,11,0
227,154,1,1
227,154,2,1
227,153,3,1
227,152,4,1
227,152,5,1
227,153,6,1
228,152,1,1
228,151,2,0
228,152,3,0
228,161,4,1
228,161,5,1
228,160,6,1
228,160,7,1
228,160,8,1
228,161,9,0
228,161,10,1
228,161,11,1
228,160,12,0
228,160,13,0
228,161,14,0
228,160,15,0
228,160,16,0
228,161,17,0
228,161,18,0
228,161,19,0
228,161,20,1
228,160,21,1
228,161,22,1
228,161,23,1
228,160,24,1
228,161,25,0
228,161,26,0
228,160,27,1
228,161,28,1
228,160,29,0
228,160,30,0
228,160,31,0
229,161,1,1
229,161,2,1
229,160,3,1
229,107,4,0
229,106,5,0
229,112,6,0
229,104,7,0
229,111,8,0
229,110,9,0
229,104,10,0
229,105,11,0
230,105,1,0
230,102,2,0
230,111,3,0
230,102,4,1
230,111,5,1
230,103,6,1
230,101,7,1
231,108,1,1
231,111,2,1
231,106,3,0
231,109,4,1
231,108,5,0
231,110,6,1
231,102,7,0
231,105,8,0
231,105,9,1
231,105,10,1
231,103,11,0
231,101,12,0
231,120,13,0
231,123,14,0
231,124,15,0
231,124,16,0
231,122,17,0
231,120,18,0
231,123,19,0
231,120,20,0
231,121,21,0
231,121,22,0
231,120,23,0
231,121,24,0
232,123,1,0
232,120,2,0
232,123,3,0
232,121,4,0
232,124,5,0
232,121,6,0
232,124,7,0
232,121,8,0
232,123,9,0
232,120,10,0
232,122,11,0
232,120,12,0
232,123,13,0
232,121,14,0
232,121,15,0
232,132,16,0
232,132,17,0
232,131,18,0
232,130,19,0
232,130,20,0
232,133,21,0
232,133,22,0
233,131,1,1
233,130,2,1
233,132,3,1
234,133,1,1
234,131,2,1
234,130,3,0
234,132,4,1
234,130,5,1
234,131,6,1
234,131,7,1
234,131,8,1
234,130,9,0
234,133,10,1
235,132,1,1
235,132,2,1
235,132,3,1
235,131,4,1
235,133,5,1
235,132,6,1
235,131,7,1
235,140,8,1
235,137,9,1
235,138,10,1
235,137,11,1
235,141,12,0
236,136,1,1
236,139,2,1
236,138,3,1
236,139,4,0
236,136,5,0
236,141,6,1
236,138,7,0
236,141,8,0
236,138,9,0
236,141,10,0
236,140,11,0
237,141,1,0
238,136,1,1
238,140,2,1
238,141,3,1
238,139,4,0
239,138,1,1
239,140,2,1
239,136,3,1
239,140,4,1
239,137,5,1
239,136,6,1
239,148,7,1
239,149,8,1
239,150,9,1
239,150,10,1
239,150,11,1
239,148,12,1
239,148,13,1
239,148,14,1
239,150,15,1
239,150,16,1
239,148,17,1
239,148,18,1
240,150,1,1
240,150,2,1
240,150,3,1
240,150,4,0
240,148,5,1
240,148,6,0
240,148,7,0
240,150,8,1
240,148,9,0
240,150,10,1
240,148,11,1
240,149,12,1
240,150,13,1
240,149,14,1
241,148,1,0
241,158,2,1
241,159,3,0
241,158,4,0
241,157,5,1
242,158,1,1
242,158,2,1
242,159,3,0
243,159,1,0
243,159,2,0
243,157,3,0
243,158,4,1
243,159,5,0
243,159,6,0
244,157,1,0
244,159,2,1
244,157,3,1
244,157,4,1
244,158,5,1
244,157,6,1
244,158,7,1
244,158,8,1
244,159,9,1
244,157,10,1
245,158,1,0
245,157,2,0
246,159,1,1
246,157,2,1
246,119,3,1
247,115,1,0
247,113,2,0
247,114,3,1
247,115,4,1
247,116,5,1
247,116,6,1
247,116,7,0
247,114,8,0
247,118,9,1
247,113,10,1
247,118,11,0
247,116,12,0
247,119,13,0
247,116,14,0
247,119,15,0
247,118,16,0
248,116,1,1
248,118,2,1
248,117,3,1
248,116,4,1
248,117,5,1
248,114,6,1
248,116,7,0
248,114,8,0
248,117,9,0
248,119,10,1
248,156,11,0
248,127,12,0
248,126,13,0
248,126,14,1
249,127,1,1
249,125,2,1
249,126,3,1
249,129,4,0
249,125,5,1
249,129,6,0
249,127,7,0
249,127,8,0
249,127,9,0
249,126,10,0
249,126,11,0
249,125,12,0
249,129,13,0
250,127,1,1
250,126,2,1
251,127,1,1
251,127,2,1
251,127,3,1
251,127,4,1
251,128,5,1
251,127,6,1
251,128,7,0
251,129,8,1
251,127,9,1
251,156,10,0
251,134,11,0
251,135,12,0
251,134,13,0
251,135,14,0
251,135,15,1
251,135,16,1
251,134,17,0
251,134,18,0
251,135,19,0
251,135,20,0
251,134,21,0
251,134,22,0
251,134,23,0
251,134,24,0
251,134,25,0
252,134,1,1
252,135,2,0
252,135,3,0
252,134,4,1
252,135,5,0
252,135,6,1
252,135,7,1
252,134,8,1
253,134,1,0
253,135,2,0
253,134,3,1
254,135,1,1
254,146,2,1
254,145,3,1
254,144,4,1
254,146,5,1
254,142,6,1
254,142,7,1
254,144,8,1
254,144,9,1
254,143,10,1
254,145,11,1
254,144,12,1
254,142,13,1
254,145,14,1
254,147,15,1
254,144,16,1
254,145,17,1
254,144,18,1
254,144,19,1
254,147,20,1
254,145,21,1
254,144,22,1
254,143,23,0
254,142,24,1
254,146,25,1
254,143,26,1
254,145,27,1
254,143,28,1
254,151,29,1
254,154,30,1
254,152,31,0
254,151,32,0
255,151,1,0
255,152,2,0
255,151,3,0
255,153,4,1
255,155,5,0
255,155,6,1
255,151,7,1
255,153,8,1
255,154,9,1
255,151,10,1
255,154,11,1
255,151,12,1
255,151,13,1
255,155,14,1
255,154,15,1
256,155,1,1
256,151,2,1
256,154,3,1
256,154,4,1
256,155,5,1
256,153,6,1
256,154,7,1
256,154,8,0
256,160,9,0
256,161,10,1
256,160,11,0
256,160,12,0
256,160,13,0
256,161,14,1
256,161,15,0
256,160,16,0
256,160,17,0
258,160,1,1
258,161,2,1
258,161,3,1
258,160,4,1
258,160,5,1
258,160,6,1
258,160,7,0
258,160,8,1
258,161,9,1
258,161,10,0
258,161,11,0
258,160,12,0
258,160,13,0
258,160,14,0
258,160,15,1
259,160,1,1
259,161,2,1
259,161,3,1
259,109,4,1
259,111,5,0
259,111,6,0
259,110,7,0
259,111,8,0
259,109,9,1
259,107,10,0
259,101,11,0
259,105,12,0
259,111,13,0
260,101,1,1
260,102,2,1
260,103,3,1
260,103,4,1
260,103,5,1
260,107,6,1
260,103,7,1
260,110,8,1
260,103,9,1
260,108,10,1
260,107,11,1
260,106,12,1
260,108,13,0
260,101,14,1
260,110,15,0
260,112,16,0
261,102,1,1
261,106,2,1
261,107,3,1
261,109,4,0
261,120,5,1
261,122,6,1
261,121,7,1
261,121,8,0
261,124,9,1
261,123,10,1
262,121,1,0
262,124,2,0
262,120,3,0
262,124,4,0
263,124,1,0
263,122,2,1
263,122,3,0
263,123,4,0
264,120,1,1
264,124,2,0
264,122,3,1
264,122,4,1
265,120,1,1
265,124,2,1
265,124,3,1
265,123,4,1
265,123,5,1
265,120,6,1
265,124,7,1
265,124,8,1
265,121,9,1
265,120,10,1
265,123,11,1
265,121,12,0
265,133,13,1
265,131,14,1
265,131,15,1
265,133,16,1
265,130,17,1
265,132,18,1
265,130,19,0
265,130,20,1
265,132,21,0
265,131,22,1
265,133,23,0
265,131,24,1
265,130,25,0
265,132,26,1
265,132,27,1
265,132,28,0
265,130,29,1
265,132,30,0
265,130,31,0
265,133,32,1
265,130,33,0
265,130,34,0
265,132,35,0
265,133,36,1
266,131,1,0
266,131,2,1
266,132,3,0
266,131,4,1
266,132,5,0
266,132,6,1
266,138,7,1
266,140,8,0
266,138,9,0
267,136,1,0
267,141,2,1
267,140,3,1
267,141,4,1
267,136,5,1
267,138,6,0
267,141,7,1
267,138,8,0
267,136,9,1
268,140,1,0
269,136,1,1
270,138,1,0
270,141,2,0
270,140,3,0
270,138,4,0
270,141,5,0
270,136,6,0
271,140,1,1
271,140,2,0
271,141,3,1
271,138,4,1
272,140,1,1
272,137,2,0
272,136,3,0
272,140,4,1
272,137,5,0
272,141,6,0
272,148,7,0
272,149,8,0
272,150,9,0
272,150,10,1
272,148,11,1
272,150,12,0
272,149,13,0
272,148,14,0
272,149,15,1
272,149,16,0
272,150,17,1
272,149,18,1
272,150,19,1
272,149,20,1
273,150,1,0
273,149,2,0
273,148,3,0
273,150,4,0
273,150,5,0
273,150,6,0
273,150,7,0
273,150,8,1
274,148,1,1
274,149,2,1
274,150,3,1
274,148,4,1
274,150,5,0
274,148,6,1
274,150,7,1
274,149,8,1
274,159,9,1
274,157,10,1
274,159,11,1
274,157,12,1
274,157,13,0
275,158,1,1
275,157,2,1
275,159,3,1
275,158,4,1
275,158,5,1
275,157,6,1
275,158,7,1
275,158,8,1
275,159,9,1
275,157,10,0
275,158,11,0
275,158,12,1
275,157,13,1
276,158,1,1
276,158,2,1
276,158,3,1
276,159,4,1
276,157,5,1
276,159,6,1
276,157,7,1
276,157,8,1
277,157,1,1
277,158,2,1
277,157,3,1
277,159,4,1
277,115,5,0
277,113,6,1
277,118,7,0
277,118,8,1
277,116,9,1
278,114,1,0
278,115,2,0
278,116,3,0
278,119,4,0
278,118,5,0
278,119,6,1
279,119,1,1
279,119,2,1
279,117,3,1
279,118,4,1
279,115,5,1
279,118,6,1
279,116,7,1
279,116,8,1
279,113,9,1
279,114,10,0
279,115,11,1
279,118,12,1
279,117,13,1
279,114,14,1
279,116,15,1
280,113,1,1
280,114,2,1
280,114,3,1
280,115,4,1
280,126,5,1
280,127,6,1
280,128,7,1
280,127,8,1
280,128,9,1
280,129,10,1
280,125,11,1
280,129,12,1
280,126,13,1
280,125,14,1
280,125,15,1
280,129,16,1
280,127,17,1
280,126,18,1
280,128,19,1
280,127,20,1
280,127,21,1
280,125,22,1
280,129,23,1
280,126,24,1
280,125,25,1
280,128,26,1
280,126,27,0
280,128,28,0
280,127,29,1
281,127,1,1
281,129,2,1
281,127,3,1
281,125,4,1
281,128,5,1
281,134,6,1
281,135,7,1
281,135,8,1
281,135,9,1
281,134,10,1
282,134,1,1
282,134,2,1
282,134,3,0
282,135,4,0
283,135,1,1
283,134,2,1
283,135,3,0
283,135,4,0
284,134,1,1
284,134,2,1
284,135,3,1
284,134,4,1
284,135,5,1
284,134,6,1
284,135,7,1
284,134,8,1
284,134,9,1
284,135,10,1
285,135,1,1
285,135,2,1
285,135,3,1
285,135,4,1
285,134,5,1
285,134,6,1
286,134,1,1
286,142,2,1
286,147,3,1
286,145,4,1
286,145,5,1
286,142,6,0
286,147,7,0
286,145,8,1
286,145,9,0
286,144,10,0
286,146,11,1
286,146,12,1
286,142,13,0
286,142,14,0
286,142,15,0
286,142,16,1
287,143,1,0
287,145,2,0
287,147,3,0
287,144,4,0
287,145,5,0
287,142,6,0
287,145,7,0
288,144,1,1
288,147,2,1
288,143,3,1
288,146,4,1
288,146,5,1
288,147,6,1
288,147,7,1
288,146,8,1
288,153,9,1
288,152,10,1
288,154,11,1
288,154,12,1
288,152,13,1
289,152,1,1
289,153,2,1
289,152,3,1
289,152,4,1
289,152,5,1
289,152,6,1
289,151,7,1
289,153,8,1
289,151,9,1
289,153,10,0
289,152,11,0
289,153,12,1
289,152,13,1
289,153,14,1
289,151,15,1
289,154,16,0
289,152,17,0
289,154,18,0
289,151,19,1
290,152,1,1
290,151,2,1
290,151,3,1
290,153,4,1
290,153,5,1
290,154,6,1
291,160,1,1
291,160,2,1
291,161,3,1
291,161,4,1
291,160,5,1
291,161,6,1
291,161,7,1
291,160,8,1
292,161,1,1
292,160,2,1
292,160,3,0
292,161,4,1
292,160,5,1
292,160,6,1
292,161,7,1
292,161,8,1
292,161,9,1
292,160,10,0
292,161,11,0
292,160,12,0
292,160,13,1
292,160,14,0
293,161,1,1
293,161,2,0
293,160,3,1
293,160,4,1
293,161,5,0
293,161,6,0
293,160,7,0
293,161,8,0
293,116,9,0
293,115,10,0
293,113,11,0
293,114,12,0
293,113,13,0
293,119,14,0
293,113,15,0
293,118,16,1
293,119,17,0
293,116,18,0
294,115,1,1
294,117,2,1
294,116,3,1
295,117,1,0
295,115,2,1
295,117,3,1
295,117,4,1
296,113,1,0
296,114,2,0
296,113,3,0
296,114,4,0
297,118,1,0
297,114,2,0
297,118,3,0
297,118,4,0
297,129,5,0
297,129,6,0
297,128,7,0
297,126,8,0
297,125,9,0
297,128,10,0
297,129,11,0
297,127,12,0
297,126,13,0
297,126,14,0
297,125,15,0
297,127,16,0
298,126,1,1
298,125,2,1
298,127,3,1
298,126,4,1
298,125,5,0
298,129,6,0
299,129,1,1
299,127,2,1
299,127,3,0
299,125,4,1
299,129,5,0
299,126,6,1
299,127,7,0
300,156,1,1
300,160,2,1
300,161,3,1
300,156,4,1
